Year,Bank,Sector,Region,USDmillions
2017,HSBC,Timber,Central & West Africa,13.779188999999999
2019,HSBC,Timber,Central & West Africa,2.288385
2018,HSBC,Timber,Central & West Africa,3.69405
2015,HSBC,Timber,Central & West Africa,9.934014
2016,HSBC,Timber,Central & West Africa,7.392621
2020,HSBC,Timber,Central & West Africa,0
2013,HSBC,Timber,Central & West Africa,10.958658
2014,HSBC,Timber,Central & West Africa,57.301901
2021,HSBC,Timber,Central & West Africa,29.816967000000002
2017,China Securities Investor Protection Fund Corporation,Timber,Central & West Africa,0
2019,China Securities Investor Protection Fund Corporation,Timber,Central & West Africa,0
2018,China Securities Investor Protection Fund Corporation,Timber,Central & West Africa,0
2015,China Securities Investor Protection Fund Corporation,Timber,Central & West Africa,24.56873
2016,China Securities Investor Protection Fund Corporation,Timber,Central & West Africa,55.026157
2020,China Securities Investor Protection Fund Corporation,Timber,Central & West Africa,0
2013,China Securities Investor Protection Fund Corporation,Timber,Central & West Africa,0
2014,China Securities Investor Protection Fund Corporation,Timber,Central & West Africa,24.579281
2021,China Securities Investor Protection Fund Corporation,Timber,Central & West Africa,0
2017,JPMorgan Chase,Timber,Central & West Africa,5.98357
2019,JPMorgan Chase,Timber,Central & West Africa,1.780017
2018,JPMorgan Chase,Timber,Central & West Africa,3.0987359999999997
2015,JPMorgan Chase,Timber,Central & West Africa,4.4032729999999995
2016,JPMorgan Chase,Timber,Central & West Africa,4.389815
2020,JPMorgan Chase,Timber,Central & West Africa,0
2013,JPMorgan Chase,Timber,Central & West Africa,10.958658
2014,JPMorgan Chase,Timber,Central & West Africa,34.204381999999995
2021,JPMorgan Chase,Timber,Central & West Africa,27.557347
2017,DBS,Timber,Central & West Africa,12.015329999999999
2019,DBS,Timber,Central & West Africa,2.288385
2018,DBS,Timber,Central & West Africa,3.69405
2015,DBS,Timber,Central & West Africa,3.557903
2016,DBS,Timber,Central & West Africa,13.911613000000001
2020,DBS,Timber,Central & West Africa,1.271442
2013,DBS,Timber,Central & West Africa,7.171309
2014,DBS,Timber,Central & West Africa,43.330739
2021,DBS,Timber,Central & West Africa,1.073662
2017,Standard Chartered,Timber,Central & West Africa,12.015329999999999
2019,Standard Chartered,Timber,Central & West Africa,2.288934
2018,Standard Chartered,Timber,Central & West Africa,3.69405
2015,Standard Chartered,Timber,Central & West Africa,5.078272999999999
2016,Standard Chartered,Timber,Central & West Africa,9.394492
2020,Standard Chartered,Timber,Central & West Africa,1.271442
2013,Standard Chartered,Timber,Central & West Africa,3.787349
2014,Standard Chartered,Timber,Central & West Africa,35.541049
2021,Standard Chartered,Timber,Central & West Africa,1.073662
2017,ANZ,Timber,Central & West Africa,4.26021
2019,ANZ,Timber,Central & West Africa,1.525964
2018,ANZ,Timber,Central & West Africa,3.69405
2015,ANZ,Timber,Central & West Africa,4.814702
2016,ANZ,Timber,Central & West Africa,4.389815
2020,ANZ,Timber,Central & West Africa,1.271442
2013,ANZ,Timber,Central & West Africa,0
2014,ANZ,Timber,Central & West Africa,47.456468
2021,ANZ,Timber,Central & West Africa,1.073662
2017,Bank of Nanjing,Timber,Central & West Africa,0
2019,Bank of Nanjing,Timber,Central & West Africa,0
2018,Bank of Nanjing,Timber,Central & West Africa,62.721968
2015,Bank of Nanjing,Timber,Central & West Africa,0
2016,Bank of Nanjing,Timber,Central & West Africa,0
2020,Bank of Nanjing,Timber,Central & West Africa,0
2013,Bank of Nanjing,Timber,Central & West Africa,0
2014,Bank of Nanjing,Timber,Central & West Africa,0
2021,Bank of Nanjing,Timber,Central & West Africa,0
2017,Mitsubishi UFJ Financial,Timber,Central & West Africa,5.759
2019,Mitsubishi UFJ Financial,Timber,Central & West Africa,0.762864
2018,Mitsubishi UFJ Financial,Timber,Central & West Africa,6.436928
2015,Mitsubishi UFJ Financial,Timber,Central & West Africa,1.5014029999999998
2016,Mitsubishi UFJ Financial,Timber,Central & West Africa,4.389815
2020,Mitsubishi UFJ Financial,Timber,Central & West Africa,0
2013,Mitsubishi UFJ Financial,Timber,Central & West Africa,0
2014,Mitsubishi UFJ Financial,Timber,Central & West Africa,10.53
2021,Mitsubishi UFJ Financial,Timber,Central & West Africa,27.521092
2017,Rabobank,Timber,Central & West Africa,7.247367
2019,Rabobank,Timber,Central & West Africa,3.204268
2018,Rabobank,Timber,Central & West Africa,0.595314
2015,Rabobank,Timber,Central & West Africa,6.674702
2016,Rabobank,Timber,Central & West Africa,8.143323
2020,Rabobank,Timber,Central & West Africa,1.271442
2013,Rabobank,Timber,Central & West Africa,0
2014,Rabobank,Timber,Central & West Africa,27.317536
2021,Rabobank,Timber,Central & West Africa,1.073662
2017,BPCE Group,Timber,Central & West Africa,4.26021
2019,BPCE Group,Timber,Central & West Africa,1.780017
2018,BPCE Group,Timber,Central & West Africa,2.103444
2015,BPCE Group,Timber,Central & West Africa,3.5032729999999996
2016,BPCE Group,Timber,Central & West Africa,4.389815
2020,BPCE Group,Timber,Central & West Africa,0
2013,BPCE Group,Timber,Central & West Africa,1.912349
2014,BPCE Group,Timber,Central & West Africa,31.371049
2021,BPCE Group,Timber,Central & West Africa,0
2017,JPMorgan Chase,Pulp & paper,Latin America,669.001275
2019,JPMorgan Chase,Pulp & paper,Latin America,753.707218
2015,JPMorgan Chase,Pulp & paper,Latin America,47.356311999999996
2014,JPMorgan Chase,Pulp & paper,Latin America,67.317897
2018,JPMorgan Chase,Pulp & paper,Latin America,2510.425344
2013,JPMorgan Chase,Pulp & paper,Latin America,86.47645899999999
2016,JPMorgan Chase,Pulp & paper,Latin America,604.032242
2020,JPMorgan Chase,Pulp & paper,Latin America,123.690147
2021,JPMorgan Chase,Pulp & paper,Latin America,346.058514
2017,BNP Paribas,Pulp & paper,Latin America,382.976824
2019,BNP Paribas,Pulp & paper,Latin America,614.008908
2015,BNP Paribas,Pulp & paper,Latin America,467.760598
2014,BNP Paribas,Pulp & paper,Latin America,289.484957
2018,BNP Paribas,Pulp & paper,Latin America,2963.292759
2013,BNP Paribas,Pulp & paper,Latin America,2.440508
2016,BNP Paribas,Pulp & paper,Latin America,0
2020,BNP Paribas,Pulp & paper,Latin America,98.492818
2021,BNP Paribas,Pulp & paper,Latin America,336.58128500000004
2017,Rabobank,Pulp & paper,Latin America,69.451499
2019,Rabobank,Pulp & paper,Latin America,424.113404
2015,Rabobank,Pulp & paper,Latin America,195.391278
2014,Rabobank,Pulp & paper,Latin America,40.823548
2018,Rabobank,Pulp & paper,Latin America,2963.455046
2013,Rabobank,Pulp & paper,Latin America,10.497945
2016,Rabobank,Pulp & paper,Latin America,0.658258
2020,Rabobank,Pulp & paper,Latin America,114.205255
2021,Rabobank,Pulp & paper,Latin America,425.605227
2017,BNDES,Pulp & paper,Latin America,517.901784
2019,BNDES,Pulp & paper,Latin America,12.425038
2015,BNDES,Pulp & paper,Latin America,1015.7253059999999
2014,BNDES,Pulp & paper,Latin America,112.620554
2018,BNDES,Pulp & paper,Latin America,60.195567999999994
2013,BNDES,Pulp & paper,Latin America,209.821308
2016,BNDES,Pulp & paper,Latin America,685.0039479999999
2020,BNDES,Pulp & paper,Latin America,65.124303
2021,BNDES,Pulp & paper,Latin America,1416.691175
2017,Mizuho Financial,Pulp & paper,Latin America,398.988658
2019,Mizuho Financial,Pulp & paper,Latin America,1065.923058
2015,Mizuho Financial,Pulp & paper,Latin America,83.74774599999999
2014,Mizuho Financial,Pulp & paper,Latin America,16.574859
2018,Mizuho Financial,Pulp & paper,Latin America,1014.0676540000001
2013,Mizuho Financial,Pulp & paper,Latin America,41.288316
2016,Mizuho Financial,Pulp & paper,Latin America,5.671157
2020,Mizuho Financial,Pulp & paper,Latin America,98.461
2021,Mizuho Financial,Pulp & paper,Latin America,341.52513500000003
2017,Bank of America,Pulp & paper,Latin America,520.574634
2019,Bank of America,Pulp & paper,Latin America,856.686701
2015,Bank of America,Pulp & paper,Latin America,45.391278
2014,Bank of America,Pulp & paper,Latin America,40.754333
2018,Bank of America,Pulp & paper,Latin America,500.470711
2013,Bank of America,Pulp & paper,Latin America,0
2016,Bank of America,Pulp & paper,Latin America,87.5
2020,Bank of America,Pulp & paper,Latin America,125.97543200000001
2021,Bank of America,Pulp & paper,Latin America,329.797026
2017,Bradesco,Pulp & paper,Latin America,84.953257
2019,Bradesco,Pulp & paper,Latin America,328.133885
2015,Bradesco,Pulp & paper,Latin America,1.612259
2014,Bradesco,Pulp & paper,Latin America,137.445292
2018,Bradesco,Pulp & paper,Latin America,1222.6829269999998
2013,Bradesco,Pulp & paper,Latin America,161.212076
2016,Bradesco,Pulp & paper,Latin America,181.26614
2020,Bradesco,Pulp & paper,Latin America,39.061186
2021,Bradesco,Pulp & paper,Latin America,148.841845
2017,Scotiabank,Pulp & paper,Latin America,294.880571
2019,Scotiabank,Pulp & paper,Latin America,979.4727809999999
2015,Scotiabank,Pulp & paper,Latin America,45.391278
2014,Scotiabank,Pulp & paper,Latin America,40.754333
2018,Scotiabank,Pulp & paper,Latin America,420.719138
2013,Scotiabank,Pulp & paper,Latin America,0
2016,Scotiabank,Pulp & paper,Latin America,0
2020,Scotiabank,Pulp & paper,Latin America,116.175715
2021,Scotiabank,Pulp & paper,Latin America,256.572404
2017,Banco do Brasil,Pulp & paper,Latin America,149.08705
2019,Banco do Brasil,Pulp & paper,Latin America,1480.855675
2015,Banco do Brasil,Pulp & paper,Latin America,0.067698
2014,Banco do Brasil,Pulp & paper,Latin America,13.011247
2018,Banco do Brasil,Pulp & paper,Latin America,15.039064
2013,Banco do Brasil,Pulp & paper,Latin America,17.424844
2016,Banco do Brasil,Pulp & paper,Latin America,267.4904
2020,Banco do Brasil,Pulp & paper,Latin America,14.583582
2021,Banco do Brasil,Pulp & paper,Latin America,60.633674
2017,SMBC Group,Pulp & paper,Latin America,70.766919
2019,SMBC Group,Pulp & paper,Latin America,302.244593
2015,SMBC Group,Pulp & paper,Latin America,141.16946000000002
2014,SMBC Group,Pulp & paper,Latin America,47.528374
2018,SMBC Group,Pulp & paper,Latin America,581.21162
2013,SMBC Group,Pulp & paper,Latin America,187.31907
2016,SMBC Group,Pulp & paper,Latin America,51.04041
2020,SMBC Group,Pulp & paper,Latin America,113.461
2021,SMBC Group,Pulp & paper,Latin America,242.69663500000001
2017,Banco do Brasil,Timber,Latin America,43.28783
2019,Banco do Brasil,Timber,Latin America,4.626877
2013,Banco do Brasil,Timber,Latin America,279.085289
2015,Banco do Brasil,Timber,Latin America,60.634436
2018,Banco do Brasil,Timber,Latin America,9.66846
2016,Banco do Brasil,Timber,Latin America,82.746092
2020,Banco do Brasil,Timber,Latin America,1.513281
2014,Banco do Brasil,Timber,Latin America,310.01392500000003
2021,Banco do Brasil,Timber,Latin America,0.185854
2017,Bradesco,Timber,Latin America,12.195976
2019,Bradesco,Timber,Latin America,40.253464
2013,Bradesco,Timber,Latin America,118.129088
2015,Bradesco,Timber,Latin America,19.371559
2018,Bradesco,Timber,Latin America,16.231077
2016,Bradesco,Timber,Latin America,47.381285
2020,Bradesco,Timber,Latin America,13.172649
2014,Bradesco,Timber,Latin America,103.301045
2021,Bradesco,Timber,Latin America,16.406515
2017,Itaú Unibanco,Timber,Latin America,16.036374
2019,Itaú Unibanco,Timber,Latin America,30.809974
2013,Itaú Unibanco,Timber,Latin America,88.481018
2015,Itaú Unibanco,Timber,Latin America,23.680879
2018,Itaú Unibanco,Timber,Latin America,9.823006
2016,Itaú Unibanco,Timber,Latin America,40.149503
2020,Itaú Unibanco,Timber,Latin America,7.732793
2014,Itaú Unibanco,Timber,Latin America,78.726265
2021,Itaú Unibanco,Timber,Latin America,14.583283
2017,Santander,Timber,Latin America,14.920782
2019,Santander,Timber,Latin America,31.618325000000002
2013,Santander,Timber,Latin America,46.472329
2015,Santander,Timber,Latin America,15.082194
2018,Santander,Timber,Latin America,41.473757
2016,Santander,Timber,Latin America,23.761683
2020,Santander,Timber,Latin America,2.743801
2014,Santander,Timber,Latin America,35.421364
2021,Santander,Timber,Latin America,0.097752
2017,SMBC Group,Timber,Latin America,7.348891
2019,SMBC Group,Timber,Latin America,28.351179000000002
2013,SMBC Group,Timber,Latin America,37.768570000000004
2015,SMBC Group,Timber,Latin America,20.212919
2018,SMBC Group,Timber,Latin America,83.795614
2016,SMBC Group,Timber,Latin America,10.85566
2020,SMBC Group,Timber,Latin America,0
2014,SMBC Group,Timber,Latin America,14.844252
2021,SMBC Group,Timber,Latin America,6.522458
2017,HSBC,Timber,Latin America,0
2019,HSBC,Timber,Latin America,28.144025
2013,HSBC,Timber,Latin America,12.858335
2015,HSBC,Timber,Latin America,5.822476
2018,HSBC,Timber,Latin America,68.520377
2016,HSBC,Timber,Latin America,2.22587
2020,HSBC,Timber,Latin America,5.822902
2014,HSBC,Timber,Latin America,11.083581
2021,HSBC,Timber,Latin America,0.111693
2017,Mizuho Financial,Timber,Latin America,0.816543
2019,Mizuho Financial,Timber,Latin America,23.578398
2013,Mizuho Financial,Timber,Latin America,8.324836
2015,Mizuho Financial,Timber,Latin America,4.243847
2018,Mizuho Financial,Timber,Latin America,72.206565
2016,Mizuho Financial,Timber,Latin America,1.206184
2020,Mizuho Financial,Timber,Latin America,0
2014,Mizuho Financial,Timber,Latin America,1.649361
2021,Mizuho Financial,Timber,Latin America,7.99452
2017,Citigroup,Timber,Latin America,1.133218
2019,Citigroup,Timber,Latin America,19.50418
2013,Citigroup,Timber,Latin America,3.434486
2015,Citigroup,Timber,Latin America,2.0985419999999997
2018,Citigroup,Timber,Latin America,69.173717
2016,Citigroup,Timber,Latin America,3.065324
2020,Citigroup,Timber,Latin America,0.014949
2014,Citigroup,Timber,Latin America,6.102373
2021,Citigroup,Timber,Latin America,14.559605000000001
2017,Caixa Econômica Federal,Timber,Latin America,10.154018
2019,Caixa Econômica Federal,Timber,Latin America,0.639195
2013,Caixa Econômica Federal,Timber,Latin America,41.161453
2015,Caixa Econômica Federal,Timber,Latin America,9.664285
2018,Caixa Econômica Federal,Timber,Latin America,2.8442279999999998
2016,Caixa Econômica Federal,Timber,Latin America,7.664481
2020,Caixa Econômica Federal,Timber,Latin America,0.148126
2014,Caixa Econômica Federal,Timber,Latin America,36.599054
2021,Caixa Econômica Federal,Timber,Latin America,0.020679
2017,Scotiabank,Timber,Latin America,0
2019,Scotiabank,Timber,Latin America,19.409672
2013,Scotiabank,Timber,Latin America,0
2015,Scotiabank,Timber,Latin America,0
2018,Scotiabank,Timber,Latin America,68.520377
2016,Scotiabank,Timber,Latin America,0
2020,Scotiabank,Timber,Latin America,0
2014,Scotiabank,Timber,Latin America,0
2021,Scotiabank,Timber,Latin America,0.006181
2014,Banco do Brasil,Beef,Latin America,7467.393511
2015,Banco do Brasil,Beef,Latin America,4170.199424
2019,Banco do Brasil,Beef,Latin America,5352.79521
2013,Banco do Brasil,Beef,Latin America,7167.43094
2016,Banco do Brasil,Beef,Latin America,5595.734443
2017,Banco do Brasil,Beef,Latin America,6253.587713
2018,Banco do Brasil,Beef,Latin America,5474.5808369999995
2020,Banco do Brasil,Beef,Latin America,4693.587109
2021,Banco do Brasil,Beef,Latin America,4288.389256
2014,Bradesco,Beef,Latin America,1835.946894
2015,Bradesco,Beef,Latin America,701.308739
2019,Bradesco,Beef,Latin America,1051.125881
2013,Bradesco,Beef,Latin America,1878.123106
2016,Bradesco,Beef,Latin America,1127.984012
2017,Bradesco,Beef,Latin America,1047.492317
2018,Bradesco,Beef,Latin America,1025.890414
2020,Bradesco,Beef,Latin America,787.551239
2021,Bradesco,Beef,Latin America,832.5728300000001
2014,Santander,Beef,Latin America,772.620827
2015,Santander,Beef,Latin America,298.624714
2019,Santander,Beef,Latin America,767.677586
2013,Santander,Beef,Latin America,799.458179
2016,Santander,Beef,Latin America,621.430299
2017,Santander,Beef,Latin America,752.148541
2018,Santander,Beef,Latin America,731.239809
2020,Santander,Beef,Latin America,495.66833
2021,Santander,Beef,Latin America,565.777511
2014,Itaú Unibanco,Beef,Latin America,809.363433
2015,Itaú Unibanco,Beef,Latin America,507.09571
2019,Itaú Unibanco,Beef,Latin America,564.72254
2013,Itaú Unibanco,Beef,Latin America,684.602614
2016,Itaú Unibanco,Beef,Latin America,844.593494
2017,Itaú Unibanco,Beef,Latin America,719.239044
2018,Itaú Unibanco,Beef,Latin America,443.368993
2020,Itaú Unibanco,Beef,Latin America,493.772294
2021,Itaú Unibanco,Beef,Latin America,672.613646
2014,Banco da Amazonia,Beef,Latin America,633.379657
2015,Banco da Amazonia,Beef,Latin America,383.973871
2019,Banco da Amazonia,Beef,Latin America,596.605097
2013,Banco da Amazonia,Beef,Latin America,445.266182
2016,Banco da Amazonia,Beef,Latin America,339.041146
2017,Banco da Amazonia,Beef,Latin America,388.005289
2018,Banco da Amazonia,Beef,Latin America,429.565925
2020,Banco da Amazonia,Beef,Latin America,549.149073
2021,Banco da Amazonia,Beef,Latin America,561.985627
2014,Banco do Nordeste do Brasil,Beef,Latin America,470.134042
2015,Banco do Nordeste do Brasil,Beef,Latin America,345.223806
2019,Banco do Nordeste do Brasil,Beef,Latin America,523.740821
2013,Banco do Nordeste do Brasil,Beef,Latin America,518.185233
2016,Banco do Nordeste do Brasil,Beef,Latin America,422.99434
2017,Banco do Nordeste do Brasil,Beef,Latin America,480.773891
2018,Banco do Nordeste do Brasil,Beef,Latin America,475.451437
2020,Banco do Nordeste do Brasil,Beef,Latin America,464.392332
2021,Banco do Nordeste do Brasil,Beef,Latin America,380.397533
2014,Caixa Econômica Federal,Beef,Latin America,469.799583
2015,Caixa Econômica Federal,Beef,Latin America,361.72003
2019,Caixa Econômica Federal,Beef,Latin America,237.519657
2013,Caixa Econômica Federal,Beef,Latin America,219.145893
2016,Caixa Econômica Federal,Beef,Latin America,318.320229
2017,Caixa Econômica Federal,Beef,Latin America,380.743068
2018,Caixa Econômica Federal,Beef,Latin America,319.659018
2020,Caixa Econômica Federal,Beef,Latin America,347.986987
2021,Caixa Econômica Federal,Beef,Latin America,443.301577
2014,Rabobank,Beef,Latin America,393.129172
2015,Rabobank,Beef,Latin America,270.88446899999997
2019,Rabobank,Beef,Latin America,222.374835
2013,Rabobank,Beef,Latin America,450.64905
2016,Rabobank,Beef,Latin America,359.554266
2017,Rabobank,Beef,Latin America,343.346369
2018,Rabobank,Beef,Latin America,297.737553
2020,Rabobank,Beef,Latin America,167.172232
2021,Rabobank,Beef,Latin America,306.157947
2014,HSBC,Beef,Latin America,503.883676
2015,HSBC,Beef,Latin America,240.113156
2019,HSBC,Beef,Latin America,64.618959
2013,HSBC,Beef,Latin America,703.137718
2016,HSBC,Beef,Latin America,517.587007
2017,HSBC,Beef,Latin America,211.386726
2018,HSBC,Beef,Latin America,149.576306
2020,HSBC,Beef,Latin America,0.006167000000000001
2021,HSBC,Beef,Latin America,160.029052
2014,BTG Pactual,Beef,Latin America,377.623692
2015,BTG Pactual,Beef,Latin America,0
2019,BTG Pactual,Beef,Latin America,219.315708
2013,BTG Pactual,Beef,Latin America,371.915527
2016,BTG Pactual,Beef,Latin America,0
2017,BTG Pactual,Beef,Latin America,59.926182999999995
2018,BTG Pactual,Beef,Latin America,364.985282
2020,BTG Pactual,Beef,Latin America,125.139071
2021,BTG Pactual,Beef,Latin America,428.857588
2019,Bank of China,Soy,Southeast Asia,0.666548
2020,Bank of China,Soy,Southeast Asia,0.028762
2018,Bank of China,Soy,Southeast Asia,0.768969
2014,Bank of China,Soy,Southeast Asia,0.626621
2015,Bank of China,Soy,Southeast Asia,0.28702
2013,Bank of China,Soy,Southeast Asia,0.05241
2017,Bank of China,Soy,Southeast Asia,0.083807
2016,Bank of China,Soy,Southeast Asia,0.589774
2021,Bank of China,Soy,Southeast Asia,8.2e-5
2019,Industrial and Commercial Bank of China,Soy,Southeast Asia,0.694215
2020,Industrial and Commercial Bank of China,Soy,Southeast Asia,0.004125
2018,Industrial and Commercial Bank of China,Soy,Southeast Asia,0.088992
2014,Industrial and Commercial Bank of China,Soy,Southeast Asia,0.530134
2015,Industrial and Commercial Bank of China,Soy,Southeast Asia,0.406997
2013,Industrial and Commercial Bank of China,Soy,Southeast Asia,0.199802
2017,Industrial and Commercial Bank of China,Soy,Southeast Asia,0.05534
2016,Industrial and Commercial Bank of China,Soy,Southeast Asia,0.818824
2021,Industrial and Commercial Bank of China,Soy,Southeast Asia,5.96e-4
2019,HSBC,Soy,Southeast Asia,0.735561
2020,HSBC,Soy,Southeast Asia,6.1e-5
2018,HSBC,Soy,Southeast Asia,0.666029
2014,HSBC,Soy,Southeast Asia,0.559768
2015,HSBC,Soy,Southeast Asia,0.159532
2013,HSBC,Soy,Southeast Asia,0.188196
2017,HSBC,Soy,Southeast Asia,0.065928
2016,HSBC,Soy,Southeast Asia,0.115144
2021,HSBC,Soy,Southeast Asia,0.141515
2019,Agricultural Bank of China,Soy,Southeast Asia,0.66595
2020,Agricultural Bank of China,Soy,Southeast Asia,0.028762
2018,Agricultural Bank of China,Soy,Southeast Asia,0.894683
2014,Agricultural Bank of China,Soy,Southeast Asia,0.213074
2015,Agricultural Bank of China,Soy,Southeast Asia,0.304823
2013,Agricultural Bank of China,Soy,Southeast Asia,0.006673999999999999
2017,Agricultural Bank of China,Soy,Southeast Asia,0.05792
2016,Agricultural Bank of China,Soy,Southeast Asia,0.41917
2021,Agricultural Bank of China,Soy,Southeast Asia,0
2019,DBS,Soy,Southeast Asia,0.680431
2020,DBS,Soy,Southeast Asia,0.00548
2018,DBS,Soy,Southeast Asia,0.837203
2014,DBS,Soy,Southeast Asia,0.448786
2015,DBS,Soy,Southeast Asia,0.028539000000000002
2013,DBS,Soy,Southeast Asia,0.06777899999999999
2017,DBS,Soy,Southeast Asia,0.077238
2016,DBS,Soy,Southeast Asia,0.156972
2021,DBS,Soy,Southeast Asia,0.012935
2019,China Construction Bank,Soy,Southeast Asia,0.227805
2020,China Construction Bank,Soy,Southeast Asia,0.004125
2018,China Construction Bank,Soy,Southeast Asia,0.032711
2014,China Construction Bank,Soy,Southeast Asia,0.737933
2015,China Construction Bank,Soy,Southeast Asia,0.379048
2013,China Construction Bank,Soy,Southeast Asia,0.15210500000000002
2017,China Construction Bank,Soy,Southeast Asia,0.065125
2016,China Construction Bank,Soy,Southeast Asia,0.6199359999999999
2021,China Construction Bank,Soy,Southeast Asia,0
2019,Mizuho Financial,Soy,Southeast Asia,0.57102
2020,Mizuho Financial,Soy,Southeast Asia,0
2018,Mizuho Financial,Soy,Southeast Asia,0.7433029999999999
2014,Mizuho Financial,Soy,Southeast Asia,0.110655
2015,Mizuho Financial,Soy,Southeast Asia,0.18065699999999998
2013,Mizuho Financial,Soy,Southeast Asia,0.12015100000000001
2017,Mizuho Financial,Soy,Southeast Asia,0.103137
2016,Mizuho Financial,Soy,Southeast Asia,0.195394
2021,Mizuho Financial,Soy,Southeast Asia,0.040143
2019,ANZ,Soy,Southeast Asia,0.595093
2020,ANZ,Soy,Southeast Asia,0.005541
2018,ANZ,Soy,Southeast Asia,0.84574800000000006
2014,ANZ,Soy,Southeast Asia,0.308293
2015,ANZ,Soy,Southeast Asia,0.065536
2013,ANZ,Soy,Southeast Asia,0.042415
2017,ANZ,Soy,Southeast Asia,0.026521
2016,ANZ,Soy,Southeast Asia,0.053238
2021,ANZ,Soy,Southeast Asia,0.0052239999999999995
2019,BNP Paribas,Soy,Southeast Asia,0.46485000000000004
2020,BNP Paribas,Soy,Southeast Asia,6.1e-5
2018,BNP Paribas,Soy,Southeast Asia,0.744482
2014,BNP Paribas,Soy,Southeast Asia,0.10832800000000001
2015,BNP Paribas,Soy,Southeast Asia,0.077918
2013,BNP Paribas,Soy,Southeast Asia,0.079202
2017,BNP Paribas,Soy,Southeast Asia,0.054015
2016,BNP Paribas,Soy,Southeast Asia,0.193097
2021,BNP Paribas,Soy,Southeast Asia,0.047984
2019,ABN Amro,Soy,Southeast Asia,0.719103
2020,ABN Amro,Soy,Southeast Asia,0
2018,ABN Amro,Soy,Southeast Asia,0.6871959999999999
2014,ABN Amro,Soy,Southeast Asia,0.037418
2015,ABN Amro,Soy,Southeast Asia,0.030568
2013,ABN Amro,Soy,Southeast Asia,0.01534
2017,ABN Amro,Soy,Southeast Asia,0.125929
2016,ABN Amro,Soy,Southeast Asia,0.097966
2021,ABN Amro,Soy,Southeast Asia,5.91e-4
2013,CITIC,Rubber,Southeast Asia,50.742155
2015,CITIC,Rubber,Southeast Asia,39.780612
2016,CITIC,Rubber,Southeast Asia,60.876431
2014,CITIC,Rubber,Southeast Asia,2.129205
2017,CITIC,Rubber,Southeast Asia,23.407964999999997
2018,CITIC,Rubber,Southeast Asia,202.472987
2019,CITIC,Rubber,Southeast Asia,124.033754
2020,CITIC,Rubber,Southeast Asia,311.77064
2021,CITIC,Rubber,Southeast Asia,213.920788
2013,Citigroup,Rubber,Southeast Asia,28.042105
2015,Citigroup,Rubber,Southeast Asia,11.446401999999999
2016,Citigroup,Rubber,Southeast Asia,2.068122
2014,Citigroup,Rubber,Southeast Asia,13.855151
2017,Citigroup,Rubber,Southeast Asia,2.3046439999999997
2018,Citigroup,Rubber,Southeast Asia,40.229798
2019,Citigroup,Rubber,Southeast Asia,110.014759
2020,Citigroup,Rubber,Southeast Asia,664.855352
2021,Citigroup,Rubber,Southeast Asia,28.390971
2013,UBS,Rubber,Southeast Asia,60.221473
2015,UBS,Rubber,Southeast Asia,5.340656
2016,UBS,Rubber,Southeast Asia,15.835183
2014,UBS,Rubber,Southeast Asia,3.114137
2017,UBS,Rubber,Southeast Asia,0
2018,UBS,Rubber,Southeast Asia,49.727709
2019,UBS,Rubber,Southeast Asia,19.627659
2020,UBS,Rubber,Southeast Asia,653.725663
2021,UBS,Rubber,Southeast Asia,14.015211
2013,China International Capital Corporation,Rubber,Southeast Asia,64.604393
2015,China International Capital Corporation,Rubber,Southeast Asia,0
2016,China International Capital Corporation,Rubber,Southeast Asia,0
2014,China International Capital Corporation,Rubber,Southeast Asia,0
2017,China International Capital Corporation,Rubber,Southeast Asia,0
2018,China International Capital Corporation,Rubber,Southeast Asia,0
2019,China International Capital Corporation,Rubber,Southeast Asia,0
2020,China International Capital Corporation,Rubber,Southeast Asia,699.501134
2021,China International Capital Corporation,Rubber,Southeast Asia,44.226741000000004
2013,SMBC Group,Rubber,Southeast Asia,17.523745
2015,SMBC Group,Rubber,Southeast Asia,37.637602
2016,SMBC Group,Rubber,Southeast Asia,47.066252
2014,SMBC Group,Rubber,Southeast Asia,75.40451300000001
2017,SMBC Group,Rubber,Southeast Asia,30.665228
2018,SMBC Group,Rubber,Southeast Asia,68.053196
2019,SMBC Group,Rubber,Southeast Asia,71.065352
2020,SMBC Group,Rubber,Southeast Asia,80.742423
2021,SMBC Group,Rubber,Southeast Asia,262.911557
2013,Mizuho Financial,Rubber,Southeast Asia,91.308798
2015,Mizuho Financial,Rubber,Southeast Asia,50.924957
2016,Mizuho Financial,Rubber,Southeast Asia,63.039389
2014,Mizuho Financial,Rubber,Southeast Asia,112.361775
2017,Mizuho Financial,Rubber,Southeast Asia,70.076567
2018,Mizuho Financial,Rubber,Southeast Asia,78.031023
2019,Mizuho Financial,Rubber,Southeast Asia,38.496245
2020,Mizuho Financial,Rubber,Southeast Asia,92.031504
2021,Mizuho Financial,Rubber,Southeast Asia,46.290411999999996
2013,Bank of Ningbo,Rubber,Southeast Asia,0
2015,Bank of Ningbo,Rubber,Southeast Asia,0
2016,Bank of Ningbo,Rubber,Southeast Asia,2.2154499999999997
2014,Bank of Ningbo,Rubber,Southeast Asia,0
2017,Bank of Ningbo,Rubber,Southeast Asia,4.183331
2018,Bank of Ningbo,Rubber,Southeast Asia,2.435692
2019,Bank of Ningbo,Rubber,Southeast Asia,118.268298
2020,Bank of Ningbo,Rubber,Southeast Asia,377.754253
2021,Bank of Ningbo,Rubber,Southeast Asia,123.135211
2013,Employees Provident Fund,Rubber,Southeast Asia,2.934333
2015,Employees Provident Fund,Rubber,Southeast Asia,0
2016,Employees Provident Fund,Rubber,Southeast Asia,0
2014,Employees Provident Fund,Rubber,Southeast Asia,0
2017,Employees Provident Fund,Rubber,Southeast Asia,0
2018,Employees Provident Fund,Rubber,Southeast Asia,0
2019,Employees Provident Fund,Rubber,Southeast Asia,0
2020,Employees Provident Fund,Rubber,Southeast Asia,0
2021,Employees Provident Fund,Rubber,Southeast Asia,617.635847
2013,DBS,Rubber,Southeast Asia,13.442675999999999
2015,DBS,Rubber,Southeast Asia,136.444885
2016,DBS,Rubber,Southeast Asia,61.055014
2014,DBS,Rubber,Southeast Asia,217.548713
2017,DBS,Rubber,Southeast Asia,92.27479100000001
2018,DBS,Rubber,Southeast Asia,22.247843
2019,DBS,Rubber,Southeast Asia,2.08243
2020,DBS,Rubber,Southeast Asia,70.694226
2021,DBS,Rubber,Southeast Asia,4.454936
2013,CIMB Group,Rubber,Southeast Asia,12.217493000000001
2015,CIMB Group,Rubber,Southeast Asia,8.346641
2016,CIMB Group,Rubber,Southeast Asia,21.196466
2014,CIMB Group,Rubber,Southeast Asia,0
2017,CIMB Group,Rubber,Southeast Asia,0.309533
2018,CIMB Group,Rubber,Southeast Asia,0
2019,CIMB Group,Rubber,Southeast Asia,144.096998
2020,CIMB Group,Rubber,Southeast Asia,301.080763
2021,CIMB Group,Rubber,Southeast Asia,4.041217
2015,Bank for Investment and Development of Vietnam,Beef,Southeast Asia,33.474101000000005
2013,Bank for Investment and Development of Vietnam,Beef,Southeast Asia,11.3808
2014,Bank for Investment and Development of Vietnam,Beef,Southeast Asia,14.236331
2016,Bank for Investment and Development of Vietnam,Beef,Southeast Asia,58.341328
2017,Bank for Investment and Development of Vietnam,Beef,Southeast Asia,6.376403
2018,Bank for Investment and Development of Vietnam,Beef,Southeast Asia,0
2019,Bank for Investment and Development of Vietnam,Beef,Southeast Asia,0
2020,Bank for Investment and Development of Vietnam,Beef,Southeast Asia,0
2021,Bank for Investment and Development of Vietnam,Beef,Southeast Asia,0
2015,Permodalan Nasional Berhad,Beef,Southeast Asia,0
2013,Permodalan Nasional Berhad,Beef,Southeast Asia,0
2014,Permodalan Nasional Berhad,Beef,Southeast Asia,0
2016,Permodalan Nasional Berhad,Beef,Southeast Asia,0
2017,Permodalan Nasional Berhad,Beef,Southeast Asia,0
2018,Permodalan Nasional Berhad,Beef,Southeast Asia,0
2019,Permodalan Nasional Berhad,Beef,Southeast Asia,0
2020,Permodalan Nasional Berhad,Beef,Southeast Asia,0
2021,Permodalan Nasional Berhad,Beef,Southeast Asia,50.871134
2015,HDBank,Beef,Southeast Asia,3.8295459999999997
2013,HDBank,Beef,Southeast Asia,0
2014,HDBank,Beef,Southeast Asia,5.610052
2016,HDBank,Beef,Southeast Asia,26.239643
2017,HDBank,Beef,Southeast Asia,7.562176
2018,HDBank,Beef,Southeast Asia,0.8556330000000001
2019,HDBank,Beef,Southeast Asia,0.800922
2020,HDBank,Beef,Southeast Asia,3.505887
2021,HDBank,Beef,Southeast Asia,0
2015,Lao-VietBank,Beef,Southeast Asia,12.0198
2013,Lao-VietBank,Beef,Southeast Asia,7.41419
2014,Lao-VietBank,Beef,Southeast Asia,0.002289
2016,Lao-VietBank,Beef,Southeast Asia,2.339511
2017,Lao-VietBank,Beef,Southeast Asia,0.658483
2018,Lao-VietBank,Beef,Southeast Asia,4.9630600000000005
2019,Lao-VietBank,Beef,Southeast Asia,1.867448
2020,Lao-VietBank,Beef,Southeast Asia,0
2021,Lao-VietBank,Beef,Southeast Asia,0
2015,Vietnam Prosperity Bank,Beef,Southeast Asia,11.905066
2013,Vietnam Prosperity Bank,Beef,Southeast Asia,0
2014,Vietnam Prosperity Bank,Beef,Southeast Asia,6.899617
2016,Vietnam Prosperity Bank,Beef,Southeast Asia,3.9657410000000004
2017,Vietnam Prosperity Bank,Beef,Southeast Asia,0
2018,Vietnam Prosperity Bank,Beef,Southeast Asia,0
2019,Vietnam Prosperity Bank,Beef,Southeast Asia,0
2020,Vietnam Prosperity Bank,Beef,Southeast Asia,0
2021,Vietnam Prosperity Bank,Beef,Southeast Asia,0
2015,TPBank,Beef,Southeast Asia,1.3298
2013,TPBank,Beef,Southeast Asia,0
2014,TPBank,Beef,Southeast Asia,0
2016,TPBank,Beef,Southeast Asia,0
2017,TPBank,Beef,Southeast Asia,19.769711
2018,TPBank,Beef,Southeast Asia,0.874667
2019,TPBank,Beef,Southeast Asia,0
2020,TPBank,Beef,Southeast Asia,0
2021,TPBank,Beef,Southeast Asia,0
2015,Vietnam Eximbank,Beef,Southeast Asia,0
2013,Vietnam Eximbank,Beef,Southeast Asia,20.888489
2014,Vietnam Eximbank,Beef,Southeast Asia,0
2016,Vietnam Eximbank,Beef,Southeast Asia,0
2017,Vietnam Eximbank,Beef,Southeast Asia,0
2018,Vietnam Eximbank,Beef,Southeast Asia,0
2019,Vietnam Eximbank,Beef,Southeast Asia,0
2020,Vietnam Eximbank,Beef,Southeast Asia,0
2021,Vietnam Eximbank,Beef,Southeast Asia,0
2015,Sacombank,Beef,Southeast Asia,2.055145
2013,Sacombank,Beef,Southeast Asia,4.740591
2014,Sacombank,Beef,Southeast Asia,3.7082040000000003
2016,Sacombank,Beef,Southeast Asia,4.248849
2017,Sacombank,Beef,Southeast Asia,2.514981
2018,Sacombank,Beef,Southeast Asia,0.744745
2019,Sacombank,Beef,Southeast Asia,0
2020,Sacombank,Beef,Southeast Asia,0
2021,Sacombank,Beef,Southeast Asia,0
2015,Employees Provident Fund,Beef,Southeast Asia,0
2013,Employees Provident Fund,Beef,Southeast Asia,0
2014,Employees Provident Fund,Beef,Southeast Asia,0
2016,Employees Provident Fund,Beef,Southeast Asia,0
2017,Employees Provident Fund,Beef,Southeast Asia,0
2018,Employees Provident Fund,Beef,Southeast Asia,0
2019,Employees Provident Fund,Beef,Southeast Asia,0
2020,Employees Provident Fund,Beef,Southeast Asia,0
2021,Employees Provident Fund,Beef,Southeast Asia,14.693008
2015,Phu Gia Securities,Beef,Southeast Asia,0
2013,Phu Gia Securities,Beef,Southeast Asia,0
2014,Phu Gia Securities,Beef,Southeast Asia,4.557272
2016,Phu Gia Securities,Beef,Southeast Asia,6.048874
2017,Phu Gia Securities,Beef,Southeast Asia,0
2018,Phu Gia Securities,Beef,Southeast Asia,0
2019,Phu Gia Securities,Beef,Southeast Asia,0
2020,Phu Gia Securities,Beef,Southeast Asia,0
2021,Phu Gia Securities,Beef,Southeast Asia,0
2013,Bank Rakyat Indonesia,Pulp & paper,Southeast Asia,0
2016,Bank Rakyat Indonesia,Pulp & paper,Southeast Asia,890.50595
2014,Bank Rakyat Indonesia,Pulp & paper,Southeast Asia,283.993737
2015,Bank Rakyat Indonesia,Pulp & paper,Southeast Asia,779.674656
2017,Bank Rakyat Indonesia,Pulp & paper,Southeast Asia,339.6815
2018,Bank Rakyat Indonesia,Pulp & paper,Southeast Asia,26.003700000000002
2019,Bank Rakyat Indonesia,Pulp & paper,Southeast Asia,1320.144777
2020,Bank Rakyat Indonesia,Pulp & paper,Southeast Asia,281.72273
2021,Bank Rakyat Indonesia,Pulp & paper,Southeast Asia,328
2013,Mizuho Financial,Pulp & paper,Southeast Asia,102.786614
2016,Mizuho Financial,Pulp & paper,Southeast Asia,264.529754
2014,Mizuho Financial,Pulp & paper,Southeast Asia,257.524218
2015,Mizuho Financial,Pulp & paper,Southeast Asia,257.513237
2017,Mizuho Financial,Pulp & paper,Southeast Asia,95.327192
2018,Mizuho Financial,Pulp & paper,Southeast Asia,228.188595
2019,Mizuho Financial,Pulp & paper,Southeast Asia,410.83185100000003
2020,Mizuho Financial,Pulp & paper,Southeast Asia,412.002046
2021,Mizuho Financial,Pulp & paper,Southeast Asia,328.995576
2013,Bank Mandiri,Pulp & paper,Southeast Asia,39.618777
2016,Bank Mandiri,Pulp & paper,Southeast Asia,200
2014,Bank Mandiri,Pulp & paper,Southeast Asia,90
2015,Bank Mandiri,Pulp & paper,Southeast Asia,210
2017,Bank Mandiri,Pulp & paper,Southeast Asia,213.872789
2018,Bank Mandiri,Pulp & paper,Southeast Asia,94.424811
2019,Bank Mandiri,Pulp & paper,Southeast Asia,180
2020,Bank Mandiri,Pulp & paper,Southeast Asia,940.5775
2021,Bank Mandiri,Pulp & paper,Southeast Asia,139.422286
2013,Industrial and Commercial Bank of China,Pulp & paper,Southeast Asia,376.187898
2016,Industrial and Commercial Bank of China,Pulp & paper,Southeast Asia,288.60725
2014,Industrial and Commercial Bank of China,Pulp & paper,Southeast Asia,183.195492
2015,Industrial and Commercial Bank of China,Pulp & paper,Southeast Asia,458.663529
2017,Industrial and Commercial Bank of China,Pulp & paper,Southeast Asia,216.206749
2018,Industrial and Commercial Bank of China,Pulp & paper,Southeast Asia,304.03576
2019,Industrial and Commercial Bank of China,Pulp & paper,Southeast Asia,98.156049
2020,Industrial and Commercial Bank of China,Pulp & paper,Southeast Asia,96.53897
2021,Industrial and Commercial Bank of China,Pulp & paper,Southeast Asia,0
2013,Bank Central Asia,Pulp & paper,Southeast Asia,77.255969
2016,Bank Central Asia,Pulp & paper,Southeast Asia,188.765781
2014,Bank Central Asia,Pulp & paper,Southeast Asia,17.5
2015,Bank Central Asia,Pulp & paper,Southeast Asia,105
2017,Bank Central Asia,Pulp & paper,Southeast Asia,98.670603
2018,Bank Central Asia,Pulp & paper,Southeast Asia,301.3587
2019,Bank Central Asia,Pulp & paper,Southeast Asia,398.596313
2020,Bank Central Asia,Pulp & paper,Southeast Asia,195.48442
2021,Bank Central Asia,Pulp & paper,Southeast Asia,473.505761
2013,Bank of China,Pulp & paper,Southeast Asia,562.675887
2016,Bank of China,Pulp & paper,Southeast Asia,320.738059
2014,Bank of China,Pulp & paper,Southeast Asia,20
2015,Bank of China,Pulp & paper,Southeast Asia,209.354868
2017,Bank of China,Pulp & paper,Southeast Asia,165
2018,Bank of China,Pulp & paper,Southeast Asia,13.489184999999999
2019,Bank of China,Pulp & paper,Southeast Asia,100
2020,Bank of China,Pulp & paper,Southeast Asia,210.021004
2021,Bank of China,Pulp & paper,Southeast Asia,0.021581000000000003
2013,Bank Negara Indonesia,Pulp & paper,Southeast Asia,84.740111
2016,Bank Negara Indonesia,Pulp & paper,Southeast Asia,189.427686
2014,Bank Negara Indonesia,Pulp & paper,Southeast Asia,174.691101
2015,Bank Negara Indonesia,Pulp & paper,Southeast Asia,244.837633
2017,Bank Negara Indonesia,Pulp & paper,Southeast Asia,215.306417
2018,Bank Negara Indonesia,Pulp & paper,Southeast Asia,158.624327
2019,Bank Negara Indonesia,Pulp & paper,Southeast Asia,240.896009
2020,Bank Negara Indonesia,Pulp & paper,Southeast Asia,242.237082
2021,Bank Negara Indonesia,Pulp & paper,Southeast Asia,28.556375000000003
2013,China Development Bank,Pulp & paper,Southeast Asia,725.0522619999999
2016,China Development Bank,Pulp & paper,Southeast Asia,150.15
2014,China Development Bank,Pulp & paper,Southeast Asia,0
2015,China Development Bank,Pulp & paper,Southeast Asia,89.8282
2017,China Development Bank,Pulp & paper,Southeast Asia,0
2018,China Development Bank,Pulp & paper,Southeast Asia,0
2019,China Development Bank,Pulp & paper,Southeast Asia,0
2020,China Development Bank,Pulp & paper,Southeast Asia,0
2021,China Development Bank,Pulp & paper,Southeast Asia,0
2013,Malayan Banking,Pulp & paper,Southeast Asia,0
2016,Malayan Banking,Pulp & paper,Southeast Asia,160.333334
2014,Malayan Banking,Pulp & paper,Southeast Asia,50
2015,Malayan Banking,Pulp & paper,Southeast Asia,57
2017,Malayan Banking,Pulp & paper,Southeast Asia,107
2018,Malayan Banking,Pulp & paper,Southeast Asia,50
2019,Malayan Banking,Pulp & paper,Southeast Asia,110
2020,Malayan Banking,Pulp & paper,Southeast Asia,50
2021,Malayan Banking,Pulp & paper,Southeast Asia,192.978661
2013,CT Corpora,Pulp & paper,Southeast Asia,39.213499999999996
2016,CT Corpora,Pulp & paper,Southeast Asia,51.092715
2014,CT Corpora,Pulp & paper,Southeast Asia,37.741471000000004
2015,CT Corpora,Pulp & paper,Southeast Asia,36.507053
2017,CT Corpora,Pulp & paper,Southeast Asia,88.930554
2018,CT Corpora,Pulp & paper,Southeast Asia,82.7049
2019,CT Corpora,Pulp & paper,Southeast Asia,154.107892
2020,CT Corpora,Pulp & paper,Southeast Asia,212.3531
2021,CT Corpora,Pulp & paper,Southeast Asia,66.1
2013,Malayan Banking,Palm oil,Southeast Asia,959.363642
2014,Malayan Banking,Palm oil,Southeast Asia,1408.3390809999999
2015,Malayan Banking,Palm oil,Southeast Asia,1056.88968
2016,Malayan Banking,Palm oil,Southeast Asia,1314.907885
2017,Malayan Banking,Palm oil,Southeast Asia,269.16217
2018,Malayan Banking,Palm oil,Southeast Asia,838.152401
2019,Malayan Banking,Palm oil,Southeast Asia,461.112495
2020,Malayan Banking,Palm oil,Southeast Asia,8.48629
2021,Malayan Banking,Palm oil,Southeast Asia,237.165533
2013,Permodalan Nasional Berhad,Palm oil,Southeast Asia,0
2014,Permodalan Nasional Berhad,Palm oil,Southeast Asia,0
2015,Permodalan Nasional Berhad,Palm oil,Southeast Asia,0
2016,Permodalan Nasional Berhad,Palm oil,Southeast Asia,0
2017,Permodalan Nasional Berhad,Palm oil,Southeast Asia,0
2018,Permodalan Nasional Berhad,Palm oil,Southeast Asia,0
2019,Permodalan Nasional Berhad,Palm oil,Southeast Asia,0
2020,Permodalan Nasional Berhad,Palm oil,Southeast Asia,0
2021,Permodalan Nasional Berhad,Palm oil,Southeast Asia,5441.374088
2013,Oversea-Chinese Banking Corporation,Palm oil,Southeast Asia,548.086256
2014,Oversea-Chinese Banking Corporation,Palm oil,Southeast Asia,462.525712
2015,Oversea-Chinese Banking Corporation,Palm oil,Southeast Asia,993.140137
2016,Oversea-Chinese Banking Corporation,Palm oil,Southeast Asia,493.904369
2017,Oversea-Chinese Banking Corporation,Palm oil,Southeast Asia,335.94257600000003
2018,Oversea-Chinese Banking Corporation,Palm oil,Southeast Asia,489.168924
2019,Oversea-Chinese Banking Corporation,Palm oil,Southeast Asia,533.387653
2020,Oversea-Chinese Banking Corporation,Palm oil,Southeast Asia,300.389877
2021,Oversea-Chinese Banking Corporation,Palm oil,Southeast Asia,543.01747
2013,Bank Mandiri,Palm oil,Southeast Asia,533.273041
2014,Bank Mandiri,Palm oil,Southeast Asia,899.776068
2015,Bank Mandiri,Palm oil,Southeast Asia,745.441032
2016,Bank Mandiri,Palm oil,Southeast Asia,847.311616
2017,Bank Mandiri,Palm oil,Southeast Asia,417.632372
2018,Bank Mandiri,Palm oil,Southeast Asia,465.594413
2019,Bank Mandiri,Palm oil,Southeast Asia,329.612661
2020,Bank Mandiri,Palm oil,Southeast Asia,61.331592
2021,Bank Mandiri,Palm oil,Southeast Asia,123.375921
2013,Employees Provident Fund,Palm oil,Southeast Asia,68.309841
2014,Employees Provident Fund,Palm oil,Southeast Asia,0
2015,Employees Provident Fund,Palm oil,Southeast Asia,0
2016,Employees Provident Fund,Palm oil,Southeast Asia,0
2017,Employees Provident Fund,Palm oil,Southeast Asia,0
2018,Employees Provident Fund,Palm oil,Southeast Asia,0
2019,Employees Provident Fund,Palm oil,Southeast Asia,0
2020,Employees Provident Fund,Palm oil,Southeast Asia,0
2021,Employees Provident Fund,Palm oil,Southeast Asia,3446.9020219999998
2013,CIMB Group,Palm oil,Southeast Asia,401.27841
2014,CIMB Group,Palm oil,Southeast Asia,589.338474
2015,CIMB Group,Palm oil,Southeast Asia,533.644432
2016,CIMB Group,Palm oil,Southeast Asia,367.860187
2017,CIMB Group,Palm oil,Southeast Asia,189.855093
2018,CIMB Group,Palm oil,Southeast Asia,396.430671
2019,CIMB Group,Palm oil,Southeast Asia,541.149702
2020,CIMB Group,Palm oil,Southeast Asia,121.238037
2021,CIMB Group,Palm oil,Southeast Asia,237.854926
2013,Bank Negara Indonesia,Palm oil,Southeast Asia,185.30452
2014,Bank Negara Indonesia,Palm oil,Southeast Asia,398.292151
2015,Bank Negara Indonesia,Palm oil,Southeast Asia,415.89270999999997
2016,Bank Negara Indonesia,Palm oil,Southeast Asia,705.464381
2017,Bank Negara Indonesia,Palm oil,Southeast Asia,81.69627700000001
2018,Bank Negara Indonesia,Palm oil,Southeast Asia,388.028096
2019,Bank Negara Indonesia,Palm oil,Southeast Asia,413.101003
2020,Bank Negara Indonesia,Palm oil,Southeast Asia,287.192793
2021,Bank Negara Indonesia,Palm oil,Southeast Asia,6.565704
2013,Mitsubishi UFJ Financial,Palm oil,Southeast Asia,215.58145
2014,Mitsubishi UFJ Financial,Palm oil,Southeast Asia,730.320148
2015,Mitsubishi UFJ Financial,Palm oil,Southeast Asia,291.6349
2016,Mitsubishi UFJ Financial,Palm oil,Southeast Asia,297.98796
2017,Mitsubishi UFJ Financial,Palm oil,Southeast Asia,282.819681
2018,Mitsubishi UFJ Financial,Palm oil,Southeast Asia,331.39138
2019,Mitsubishi UFJ Financial,Palm oil,Southeast Asia,215.323661
2020,Mitsubishi UFJ Financial,Palm oil,Southeast Asia,180.29572100000001
2021,Mitsubishi UFJ Financial,Palm oil,Southeast Asia,225.721016
2013,Bank Central Asia,Palm oil,Southeast Asia,64.026696
2014,Bank Central Asia,Palm oil,Southeast Asia,74.26093
2015,Bank Central Asia,Palm oil,Southeast Asia,479.74917
2016,Bank Central Asia,Palm oil,Southeast Asia,228.788331
2017,Bank Central Asia,Palm oil,Southeast Asia,182.88211900000002
2018,Bank Central Asia,Palm oil,Southeast Asia,190.085541
2019,Bank Central Asia,Palm oil,Southeast Asia,884.365512
2020,Bank Central Asia,Palm oil,Southeast Asia,221.35757700000002
2021,Bank Central Asia,Palm oil,Southeast Asia,40.69875
2013,DBS,Palm oil,Southeast Asia,403.347549
2014,DBS,Palm oil,Southeast Asia,309.359579
2015,DBS,Palm oil,Southeast Asia,231.393822
2016,DBS,Palm oil,Southeast Asia,403.182578
2017,DBS,Palm oil,Southeast Asia,245.4447
2018,DBS,Palm oil,Southeast Asia,230.42963500000002
2019,DBS,Palm oil,Southeast Asia,189.315513
2020,DBS,Palm oil,Southeast Asia,91.615289
2021,DBS,Palm oil,Southeast Asia,230.643281
2015,Mizuho Financial,Timber,Southeast Asia,91.01932500000001
2014,Mizuho Financial,Timber,Southeast Asia,103.44821900000001
2013,Mizuho Financial,Timber,Southeast Asia,96.027481
2016,Mizuho Financial,Timber,Southeast Asia,111.240788
2018,Mizuho Financial,Timber,Southeast Asia,84.502362
2017,Mizuho Financial,Timber,Southeast Asia,101.858097
2019,Mizuho Financial,Timber,Southeast Asia,80.77517900000001
2020,Mizuho Financial,Timber,Southeast Asia,16.506323000000002
2021,Mizuho Financial,Timber,Southeast Asia,85.09878499999999
2015,Mitsubishi UFJ Financial,Timber,Southeast Asia,53.775819
2014,Mitsubishi UFJ Financial,Timber,Southeast Asia,44.016103
2013,Mitsubishi UFJ Financial,Timber,Southeast Asia,87.740275
2016,Mitsubishi UFJ Financial,Timber,Southeast Asia,66.362231
2018,Mitsubishi UFJ Financial,Timber,Southeast Asia,30.735210000000002
2017,Mitsubishi UFJ Financial,Timber,Southeast Asia,63.173809
2019,Mitsubishi UFJ Financial,Timber,Southeast Asia,58.083862
2020,Mitsubishi UFJ Financial,Timber,Southeast Asia,2.443823
2021,Mitsubishi UFJ Financial,Timber,Southeast Asia,101.655647
2015,Daiwa Securities,Timber,Southeast Asia,0
2014,Daiwa Securities,Timber,Southeast Asia,3.0956669999999997
2013,Daiwa Securities,Timber,Southeast Asia,114.96941699999999
2016,Daiwa Securities,Timber,Southeast Asia,57.32635
2018,Daiwa Securities,Timber,Southeast Asia,89.199979
2017,Daiwa Securities,Timber,Southeast Asia,1.9473449999999999
2019,Daiwa Securities,Timber,Southeast Asia,74.747448
2020,Daiwa Securities,Timber,Southeast Asia,0
2021,Daiwa Securities,Timber,Southeast Asia,111.26616600000001
2015,SMBC Group,Timber,Southeast Asia,44.68151
2014,SMBC Group,Timber,Southeast Asia,72.069174
2013,SMBC Group,Timber,Southeast Asia,56.970931
2016,SMBC Group,Timber,Southeast Asia,52.017686999999995
2018,SMBC Group,Timber,Southeast Asia,63.715735
2017,SMBC Group,Timber,Southeast Asia,30.189111
2019,SMBC Group,Timber,Southeast Asia,43.32105
2020,SMBC Group,Timber,Southeast Asia,2.443823
2021,SMBC Group,Timber,Southeast Asia,64.834658
2015,DBS,Timber,Southeast Asia,40
2014,DBS,Timber,Southeast Asia,0
2013,DBS,Timber,Southeast Asia,40
2016,DBS,Timber,Southeast Asia,40
2018,DBS,Timber,Southeast Asia,0.021665
2017,DBS,Timber,Southeast Asia,120
2019,DBS,Timber,Southeast Asia,0
2020,DBS,Timber,Southeast Asia,30
2021,DBS,Timber,Southeast Asia,2.133344
2015,Nomura,Timber,Southeast Asia,1.633247
2014,Nomura,Timber,Southeast Asia,1.7085180000000002
2013,Nomura,Timber,Southeast Asia,64.40439
2016,Nomura,Timber,Southeast Asia,22.048596
2018,Nomura,Timber,Southeast Asia,22.438724999999998
2017,Nomura,Timber,Southeast Asia,1.073491
2019,Nomura,Timber,Southeast Asia,25.228062
2020,Nomura,Timber,Southeast Asia,0
2021,Nomura,Timber,Southeast Asia,105.288946
2015,Sumitomo Mitsui Trust,Timber,Southeast Asia,3.863133
2014,Sumitomo Mitsui Trust,Timber,Southeast Asia,4.901335
2013,Sumitomo Mitsui Trust,Timber,Southeast Asia,4.720119
2016,Sumitomo Mitsui Trust,Timber,Southeast Asia,4.376468
2018,Sumitomo Mitsui Trust,Timber,Southeast Asia,13.508319
2017,Sumitomo Mitsui Trust,Timber,Southeast Asia,4.259911
2019,Sumitomo Mitsui Trust,Timber,Southeast Asia,2.813919
2020,Sumitomo Mitsui Trust,Timber,Southeast Asia,2.443823
2021,Sumitomo Mitsui Trust,Timber,Southeast Asia,166.248167
2015,Malayan Banking,Timber,Southeast Asia,5.07555
2014,Malayan Banking,Timber,Southeast Asia,0
2013,Malayan Banking,Timber,Southeast Asia,121.1225
2016,Malayan Banking,Timber,Southeast Asia,69.399622
2018,Malayan Banking,Timber,Southeast Asia,1.5
2017,Malayan Banking,Timber,Southeast Asia,1.990619
2019,Malayan Banking,Timber,Southeast Asia,4.749077
2020,Malayan Banking,Timber,Southeast Asia,0
2021,Malayan Banking,Timber,Southeast Asia,0.079421
2015,Citigroup,Timber,Southeast Asia,8.101745
2014,Citigroup,Timber,Southeast Asia,24.387887
2013,Citigroup,Timber,Southeast Asia,21.821555
2016,Citigroup,Timber,Southeast Asia,21.979952
2018,Citigroup,Timber,Southeast Asia,24.819308
2017,Citigroup,Timber,Southeast Asia,23.486977
2019,Citigroup,Timber,Southeast Asia,12.629605
2020,Citigroup,Timber,Southeast Asia,23.344013
2021,Citigroup,Timber,Southeast Asia,8.348092
2015,JPMorgan Chase,Timber,Southeast Asia,2.033681
2014,JPMorgan Chase,Timber,Southeast Asia,26.294575
2013,JPMorgan Chase,Timber,Southeast Asia,8.566849
2016,JPMorgan Chase,Timber,Southeast Asia,2.323117
2018,JPMorgan Chase,Timber,Southeast Asia,15.729235000000001
2017,JPMorgan Chase,Timber,Southeast Asia,2.757776
2019,JPMorgan Chase,Timber,Southeast Asia,11.464404
2020,JPMorgan Chase,Timber,Southeast Asia,7.581268000000001
2021,JPMorgan Chase,Timber,Southeast Asia,88.763603
2019,Banco do Brasil,Palm oil,Latin America,2.711678
2018,Banco do Brasil,Palm oil,Latin America,2.5140830000000003
2014,Banco do Brasil,Palm oil,Latin America,4.394205
2015,Banco do Brasil,Palm oil,Latin America,1.212649
2013,Banco do Brasil,Palm oil,Latin America,8.73862
2017,Banco do Brasil,Palm oil,Latin America,2.024295
2016,Banco do Brasil,Palm oil,Latin America,1.786349
2020,Banco do Brasil,Palm oil,Latin America,1.2574910000000001
2021,Banco do Brasil,Palm oil,Latin America,0.8876489999999999
2019,Banco da Amazonia,Palm oil,Latin America,3.079743
2018,Banco da Amazonia,Palm oil,Latin America,1.693643
2014,Banco da Amazonia,Palm oil,Latin America,4.1136800000000004
2015,Banco da Amazonia,Palm oil,Latin America,1.39249
2013,Banco da Amazonia,Palm oil,Latin America,7.912076
2017,Banco da Amazonia,Palm oil,Latin America,1.313691
2016,Banco da Amazonia,Palm oil,Latin America,1.207638
2020,Banco da Amazonia,Palm oil,Latin America,1.092035
2021,Banco da Amazonia,Palm oil,Latin America,0.862242
2019,Itaú Unibanco,Palm oil,Latin America,0.135961
2018,Itaú Unibanco,Palm oil,Latin America,0.5619149999999999
2014,Itaú Unibanco,Palm oil,Latin America,0.28164700000000004
2015,Itaú Unibanco,Palm oil,Latin America,0.12795600000000001
2013,Itaú Unibanco,Palm oil,Latin America,7.107781
2017,Itaú Unibanco,Palm oil,Latin America,0.105158
2016,Itaú Unibanco,Palm oil,Latin America,0.103741
2020,Itaú Unibanco,Palm oil,Latin America,0.043179
2021,Itaú Unibanco,Palm oil,Latin America,0.033018
2019,Bradesco,Palm oil,Latin America,0.517818
2018,Bradesco,Palm oil,Latin America,0.475737
2014,Bradesco,Palm oil,Latin America,0.91228
2015,Bradesco,Palm oil,Latin America,0.284418
2013,Bradesco,Palm oil,Latin America,2.5512509999999997
2017,Bradesco,Palm oil,Latin America,0.273579
2016,Bradesco,Palm oil,Latin America,0.342922
2020,Bradesco,Palm oil,Latin America,0.489126
2021,Bradesco,Palm oil,Latin America,0.12236799999999999
2019,John Deere Bank,Palm oil,Latin America,0.083257
2018,John Deere Bank,Palm oil,Latin America,0.062144
2014,John Deere Bank,Palm oil,Latin America,0.093567
2015,John Deere Bank,Palm oil,Latin America,0.035776999999999996
2013,John Deere Bank,Palm oil,Latin America,0.14253000000000002
2017,John Deere Bank,Palm oil,Latin America,1.137873
2016,John Deere Bank,Palm oil,Latin America,0.042767
2020,John Deere Bank,Palm oil,Latin America,0.021403
2021,John Deere Bank,Palm oil,Latin America,1.5596219999999998
2019,Barclays,Palm oil,Latin America,0.490101
2018,Barclays,Palm oil,Latin America,0.551522
2014,Barclays,Palm oil,Latin America,0.393964
2015,Barclays,Palm oil,Latin America,0.291413
2013,Barclays,Palm oil,Latin America,0.179508
2017,Barclays,Palm oil,Latin America,0.27993599999999996
2016,Barclays,Palm oil,Latin America,0.433082
2020,Barclays,Palm oil,Latin America,0
2021,Barclays,Palm oil,Latin America,0.104285
2019,Bank of America,Palm oil,Latin America,0.65318
2018,Bank of America,Palm oil,Latin America,0.339534
2014,Bank of America,Palm oil,Latin America,0.299494
2015,Bank of America,Palm oil,Latin America,0.310603
2013,Bank of America,Palm oil,Latin America,0.1798
2017,Bank of America,Palm oil,Latin America,0.24917999999999998
2016,Bank of America,Palm oil,Latin America,0.43527
2020,Bank of America,Palm oil,Latin America,0
2021,Bank of America,Palm oil,Latin America,0.133741
2019,HSBC,Palm oil,Latin America,0.250681
2018,HSBC,Palm oil,Latin America,0.187139
2014,HSBC,Palm oil,Latin America,0.340704
2015,HSBC,Palm oil,Latin America,0.263667
2013,HSBC,Palm oil,Latin America,0.609981
2017,HSBC,Palm oil,Latin America,0.187297
2016,HSBC,Palm oil,Latin America,0.246937
2020,HSBC,Palm oil,Latin America,0
2021,HSBC,Palm oil,Latin America,0.462401
2019,BNP Paribas,Palm oil,Latin America,0.28203
2018,BNP Paribas,Palm oil,Latin America,0.438011
2014,BNP Paribas,Palm oil,Latin America,0.195731
2015,BNP Paribas,Palm oil,Latin America,0.1819
2013,BNP Paribas,Palm oil,Latin America,0.184936
2017,BNP Paribas,Palm oil,Latin America,0.131894
2016,BNP Paribas,Palm oil,Latin America,0.445134
2020,BNP Paribas,Palm oil,Latin America,8e-6
2021,BNP Paribas,Palm oil,Latin America,0.126719
2019,Santander,Palm oil,Latin America,0.37414000000000003
2018,Santander,Palm oil,Latin America,0.390405
2014,Santander,Palm oil,Latin America,0.110809
2015,Santander,Palm oil,Latin America,0.100412
2013,Santander,Palm oil,Latin America,0.264409
2017,Santander,Palm oil,Latin America,0.366588
2016,Santander,Palm oil,Latin America,0.17048
2020,Santander,Palm oil,Latin America,0.12299600000000001
2021,Santander,Palm oil,Latin America,0.070483
2017,Banco do Brasil,Rubber,Latin America,15.85131
2018,Banco do Brasil,Rubber,Latin America,13.544867
2019,Banco do Brasil,Rubber,Latin America,9.64593
2020,Banco do Brasil,Rubber,Latin America,7.802439000000001
2015,Banco do Brasil,Rubber,Latin America,13.977395
2016,Banco do Brasil,Rubber,Latin America,22.098834999999998
2014,Banco do Brasil,Rubber,Latin America,50.205074
2013,Banco do Brasil,Rubber,Latin America,48.498754999999996
2021,Banco do Brasil,Rubber,Latin America,7.686234
2017,Bradesco,Rubber,Latin America,3.532658
2018,Bradesco,Rubber,Latin America,4.684496
2019,Bradesco,Rubber,Latin America,3.524076
2020,Bradesco,Rubber,Latin America,3.270973
2015,Bradesco,Rubber,Latin America,3.590293
2016,Bradesco,Rubber,Latin America,3.982662
2014,Bradesco,Rubber,Latin America,15.999205
2013,Bradesco,Rubber,Latin America,16.715543
2021,Bradesco,Rubber,Latin America,1.9813340000000002
2017,Itaú Unibanco,Rubber,Latin America,3.8923330000000003
2018,Itaú Unibanco,Rubber,Latin America,4.745103
2019,Itaú Unibanco,Rubber,Latin America,2.7461130000000002
2020,Itaú Unibanco,Rubber,Latin America,2.445094
2015,Itaú Unibanco,Rubber,Latin America,4.444958
2016,Itaú Unibanco,Rubber,Latin America,5.994841
2014,Itaú Unibanco,Rubber,Latin America,11.418066
2013,Itaú Unibanco,Rubber,Latin America,7.491665
2021,Itaú Unibanco,Rubber,Latin America,1.571694
2017,Santander,Rubber,Latin America,5.351864
2018,Santander,Rubber,Latin America,2.93965
2019,Santander,Rubber,Latin America,3.057546
2020,Santander,Rubber,Latin America,2.435483
2015,Santander,Rubber,Latin America,2.055955
2016,Santander,Rubber,Latin America,3.424129
2014,Santander,Rubber,Latin America,12.138518
2013,Santander,Rubber,Latin America,6.205817000000001
2021,Santander,Rubber,Latin America,1.3656719999999998
2017,Caixa Econômica Federal,Rubber,Latin America,0.830581
2018,Caixa Econômica Federal,Rubber,Latin America,0.883158
2019,Caixa Econômica Federal,Rubber,Latin America,0.564952
2020,Caixa Econômica Federal,Rubber,Latin America,0.7479290000000001
2015,Caixa Econômica Federal,Rubber,Latin America,2.099769
2016,Caixa Econômica Federal,Rubber,Latin America,1.253943
2014,Caixa Econômica Federal,Rubber,Latin America,3.06038
2013,Caixa Econômica Federal,Rubber,Latin America,2.935826
2021,Caixa Econômica Federal,Rubber,Latin America,0.9401400000000001
2017,Rabobank,Rubber,Latin America,0.5937520000000001
2018,Rabobank,Rubber,Latin America,0.6429750000000001
2019,Rabobank,Rubber,Latin America,0.477247
2020,Rabobank,Rubber,Latin America,0.368787
2015,Rabobank,Rubber,Latin America,0.619089
2016,Rabobank,Rubber,Latin America,1.0152
2014,Rabobank,Rubber,Latin America,2.081963
2013,Rabobank,Rubber,Latin America,1.992318
2021,Rabobank,Rubber,Latin America,0.265138
2017,HSBC,Rubber,Latin America,0
2018,HSBC,Rubber,Latin America,0
2019,HSBC,Rubber,Latin America,0
2020,HSBC,Rubber,Latin America,0
2015,HSBC,Rubber,Latin America,1.087325
2016,HSBC,Rubber,Latin America,0.554433
2014,HSBC,Rubber,Latin America,2.473765
2013,HSBC,Rubber,Latin America,3.0820469999999998
2021,HSBC,Rubber,Latin America,0
2017,Safra Group,Rubber,Latin America,1.263155
2018,Safra Group,Rubber,Latin America,0.44804200000000005
2019,Safra Group,Rubber,Latin America,0.873478
2020,Safra Group,Rubber,Latin America,0.664148
2015,Safra Group,Rubber,Latin America,0.283222
2016,Safra Group,Rubber,Latin America,1.063914
2014,Safra Group,Rubber,Latin America,1.0439720000000001
2013,Safra Group,Rubber,Latin America,0.978986
2021,Safra Group,Rubber,Latin America,0.340159
2017,Banco de Desenvolvimento de Minas Gerais,Rubber,Latin America,0.044683
2018,Banco de Desenvolvimento de Minas Gerais,Rubber,Latin America,0.110449
2019,Banco de Desenvolvimento de Minas Gerais,Rubber,Latin America,0.072304
2020,Banco de Desenvolvimento de Minas Gerais,Rubber,Latin America,0.08112899999999999
2015,Banco de Desenvolvimento de Minas Gerais,Rubber,Latin America,0.607504
2016,Banco de Desenvolvimento de Minas Gerais,Rubber,Latin America,0.687356
2014,Banco de Desenvolvimento de Minas Gerais,Rubber,Latin America,0.824927
2013,Banco de Desenvolvimento de Minas Gerais,Rubber,Latin America,2.793559
2021,Banco de Desenvolvimento de Minas Gerais,Rubber,Latin America,0.029695
2017,Banco do Nordeste do Brasil,Rubber,Latin America,0.111703
2018,Banco do Nordeste do Brasil,Rubber,Latin America,0.13657
2019,Banco do Nordeste do Brasil,Rubber,Latin America,0.101532
2020,Banco do Nordeste do Brasil,Rubber,Latin America,0.118295
2015,Banco do Nordeste do Brasil,Rubber,Latin America,0.612129
2016,Banco do Nordeste do Brasil,Rubber,Latin America,0.52361
2014,Banco do Nordeste do Brasil,Rubber,Latin America,1.320897
2013,Banco do Nordeste do Brasil,Rubber,Latin America,1.417555
2021,Banco do Nordeste do Brasil,Rubber,Latin America,0.088848
2014,Banco do Brasil,Soy,Latin America,4593.751501
2015,Banco do Brasil,Soy,Latin America,3073.757331
2013,Banco do Brasil,Soy,Latin America,4008.432991
2019,Banco do Brasil,Soy,Latin America,4076.1015199999997
2020,Banco do Brasil,Soy,Latin America,3341.552593
2016,Banco do Brasil,Soy,Latin America,4069.5261
2018,Banco do Brasil,Soy,Latin America,4215.979438
2017,Banco do Brasil,Soy,Latin America,4825.012113
2021,Banco do Brasil,Soy,Latin America,4145.750218
2014,Bradesco,Soy,Latin America,1035.046298
2015,Bradesco,Soy,Latin America,596.96023
2013,Bradesco,Soy,Latin America,945.0834110000001
2019,Bradesco,Soy,Latin America,645.557503
2020,Bradesco,Soy,Latin America,571.279928
2016,Bradesco,Soy,Latin America,782.282344
2018,Bradesco,Soy,Latin America,718.8968179999999
2017,Bradesco,Soy,Latin America,833.889151
2021,Bradesco,Soy,Latin America,555.944241
2014,Itaú Unibanco,Soy,Latin America,514.0026349999999
2015,Itaú Unibanco,Soy,Latin America,454.798555
2013,Itaú Unibanco,Soy,Latin America,494.812251
2019,Itaú Unibanco,Soy,Latin America,481.834231
2020,Itaú Unibanco,Soy,Latin America,433.188765
2016,Itaú Unibanco,Soy,Latin America,685.908712
2018,Itaú Unibanco,Soy,Latin America,426.34720599999997
2017,Itaú Unibanco,Soy,Latin America,621.423117
2021,Itaú Unibanco,Soy,Latin America,336.689846
2014,Santander,Soy,Latin America,388.722216
2015,Santander,Soy,Latin America,274.104075
2013,Santander,Soy,Latin America,316.5307
2019,Santander,Soy,Latin America,399.854327
2020,Santander,Soy,Latin America,361.01399100000003
2016,Santander,Soy,Latin America,361.585557
2018,Santander,Soy,Latin America,387.26520600000003
2017,Santander,Soy,Latin America,548.3897830000001
2021,Santander,Soy,Latin America,281.712675
2014,Caixa Econômica Federal,Soy,Latin America,286.519897
2015,Caixa Econômica Federal,Soy,Latin America,296.289108
2013,Caixa Econômica Federal,Soy,Latin America,119.095653
2019,Caixa Econômica Federal,Soy,Latin America,260.671442
2020,Caixa Econômica Federal,Soy,Latin America,308.429291
2016,Caixa Econômica Federal,Soy,Latin America,310.397993
2018,Caixa Econômica Federal,Soy,Latin America,341.95274
2017,Caixa Econômica Federal,Soy,Latin America,397.705498
2021,Caixa Econômica Federal,Soy,Latin America,452.035499
2014,Banco do Nordeste do Brasil,Soy,Latin America,320.434712
2015,Banco do Nordeste do Brasil,Soy,Latin America,262.178785
2013,Banco do Nordeste do Brasil,Soy,Latin America,311.28985
2019,Banco do Nordeste do Brasil,Soy,Latin America,338.803293
2020,Banco do Nordeste do Brasil,Soy,Latin America,282.08169
2016,Banco do Nordeste do Brasil,Soy,Latin America,352.573451
2018,Banco do Nordeste do Brasil,Soy,Latin America,316.18443
2017,Banco do Nordeste do Brasil,Soy,Latin America,332.84756100000004
2021,Banco do Nordeste do Brasil,Soy,Latin America,255.760596
2014,Rabobank,Soy,Latin America,428.66528800000003
2015,Rabobank,Soy,Latin America,275.168438
2013,Rabobank,Soy,Latin America,341.194641
2019,Rabobank,Soy,Latin America,282.573413
2020,Rabobank,Soy,Latin America,194.2756
2016,Rabobank,Soy,Latin America,354.855424
2018,Rabobank,Soy,Latin America,268.05567
2017,Rabobank,Soy,Latin America,307.695006
2021,Rabobank,Soy,Latin America,122.18231
2014,HSBC,Soy,Latin America,447.730072
2015,HSBC,Soy,Latin America,236.52325
2013,HSBC,Soy,Latin America,484.859392
2019,HSBC,Soy,Latin America,24.777251
2020,HSBC,Soy,Latin America,12.357554
2016,HSBC,Soy,Latin America,333.841176
2018,HSBC,Soy,Latin America,12.611217
2017,HSBC,Soy,Latin America,159.107239
2021,HSBC,Soy,Latin America,29.582928
2014,John Deere Bank,Soy,Latin America,158.417545
2015,John Deere Bank,Soy,Latin America,111.207759
2013,John Deere Bank,Soy,Latin America,117.626408
2019,John Deere Bank,Soy,Latin America,185.732538
2020,John Deere Bank,Soy,Latin America,147.389098
2016,John Deere Bank,Soy,Latin America,165.468431
2018,John Deere Bank,Soy,Latin America,156.158881
2017,John Deere Bank,Soy,Latin America,141.047672
2021,John Deere Bank,Soy,Latin America,120.712393
2014,Banco da Amazonia,Soy,Latin America,138.517473
2015,Banco da Amazonia,Soy,Latin America,104.847814
2013,Banco da Amazonia,Soy,Latin America,73.935159
2019,Banco da Amazonia,Soy,Latin America,196.040493
2020,Banco da Amazonia,Soy,Latin America,176.098921
2016,Banco da Amazonia,Soy,Latin America,112.42432
2018,Banco da Amazonia,Soy,Latin America,144.717718
2017,Banco da Amazonia,Soy,Latin America,133.462277
2021,Banco da Amazonia,Soy,Latin America,207.61316300000001
2019,Mitsubishi UFJ Financial,Soy,Central & West Africa,0.045816
2020,Mitsubishi UFJ Financial,Soy,Central & West Africa,0
2018,Mitsubishi UFJ Financial,Soy,Central & West Africa,0.15540500000000002
2014,Mitsubishi UFJ Financial,Soy,Central & West Africa,0.075252
2015,Mitsubishi UFJ Financial,Soy,Central & West Africa,0.134932
2013,Mitsubishi UFJ Financial,Soy,Central & West Africa,0.108486
2017,Mitsubishi UFJ Financial,Soy,Central & West Africa,0.080881
2016,Mitsubishi UFJ Financial,Soy,Central & West Africa,0.175724
2021,Mitsubishi UFJ Financial,Soy,Central & West Africa,0.170438
2019,Citigroup,Soy,Central & West Africa,0.155011
2020,Citigroup,Soy,Central & West Africa,3.99e-4
2018,Citigroup,Soy,Central & West Africa,0.137822
2014,Citigroup,Soy,Central & West Africa,0.102811
2015,Citigroup,Soy,Central & West Africa,0.093028
2013,Citigroup,Soy,Central & West Africa,0.06017
2017,Citigroup,Soy,Central & West Africa,0.090083
2016,Citigroup,Soy,Central & West Africa,0.126345
2021,Citigroup,Soy,Central & West Africa,0.14955
2019,JPMorgan Chase,Soy,Central & West Africa,0.097307
2020,JPMorgan Chase,Soy,Central & West Africa,5.7e-5
2018,JPMorgan Chase,Soy,Central & West Africa,0.086685
2014,JPMorgan Chase,Soy,Central & West Africa,0.121015
2015,JPMorgan Chase,Soy,Central & West Africa,0.07793800000000001
2013,JPMorgan Chase,Soy,Central & West Africa,0.07813
2017,JPMorgan Chase,Soy,Central & West Africa,0.080306
2016,JPMorgan Chase,Soy,Central & West Africa,0.124004
2021,JPMorgan Chase,Soy,Central & West Africa,0.177136
2019,Barclays,Soy,Central & West Africa,0.136918
2020,Barclays,Soy,Central & West Africa,0
2018,Barclays,Soy,Central & West Africa,0.144511
2014,Barclays,Soy,Central & West Africa,0.116427
2015,Barclays,Soy,Central & West Africa,0.079216
2013,Barclays,Soy,Central & West Africa,0.045262000000000004
2017,Barclays,Soy,Central & West Africa,0.077124
2016,Barclays,Soy,Central & West Africa,0.122374
2021,Barclays,Soy,Central & West Africa,0.032933
2019,Bank of America,Soy,Central & West Africa,0.185157
2020,Bank of America,Soy,Central & West Africa,5.7e-5
2018,Bank of America,Soy,Central & West Africa,0.092014
2014,Bank of America,Soy,Central & West Africa,0.089345
2015,Bank of America,Soy,Central & West Africa,0.086361
2013,Bank of America,Soy,Central & West Africa,0.04531
2017,Bank of America,Soy,Central & West Africa,0.07070800000000001
2016,Bank of America,Soy,Central & West Africa,0.122894
2021,Bank of America,Soy,Central & West Africa,0.037454999999999995
2019,Mizuho Financial,Soy,Central & West Africa,0.053663
2020,Mizuho Financial,Soy,Central & West Africa,0
2018,Mizuho Financial,Soy,Central & West Africa,0.111012
2014,Mizuho Financial,Soy,Central & West Africa,0.071115
2015,Mizuho Financial,Soy,Central & West Africa,0.120436
2013,Mizuho Financial,Soy,Central & West Africa,0.065289
2017,Mizuho Financial,Soy,Central & West Africa,0.08129499999999999
2016,Mizuho Financial,Soy,Central & West Africa,0.140022
2021,Mizuho Financial,Soy,Central & West Africa,0.034594
2019,HSBC,Soy,Central & West Africa,0.070092
2020,HSBC,Soy,Central & West Africa,5.7e-5
2018,HSBC,Soy,Central & West Africa,0.049722
2014,HSBC,Soy,Central & West Africa,0.077033
2015,HSBC,Soy,Central & West Africa,0.060725
2013,HSBC,Soy,Central & West Africa,0.078487
2017,HSBC,Soy,Central & West Africa,0.050332
2016,HSBC,Soy,Central & West Africa,0.066807
2021,HSBC,Soy,Central & West Africa,0.129712
2019,BNP Paribas,Soy,Central & West Africa,0.077724
2020,BNP Paribas,Soy,Central & West Africa,5.7e-5
2018,BNP Paribas,Soy,Central & West Africa,0.115261
2014,BNP Paribas,Soy,Central & West Africa,0.060214
2015,BNP Paribas,Soy,Central & West Africa,0.051323
2013,BNP Paribas,Soy,Central & West Africa,0.048231
2017,BNP Paribas,Soy,Central & West Africa,0.034342
2016,BNP Paribas,Soy,Central & West Africa,0.11931800000000001
2021,BNP Paribas,Soy,Central & West Africa,0.034742999999999996
2019,Vanguard,Soy,Central & West Africa,0
2020,Vanguard,Soy,Central & West Africa,0
2018,Vanguard,Soy,Central & West Africa,0
2014,Vanguard,Soy,Central & West Africa,0
2015,Vanguard,Soy,Central & West Africa,0
2013,Vanguard,Soy,Central & West Africa,0
2017,Vanguard,Soy,Central & West Africa,0
2016,Vanguard,Soy,Central & West Africa,0
2021,Vanguard,Soy,Central & West Africa,0.49421600000000004
2019,SMBC Group,Soy,Central & West Africa,0.042806
2020,SMBC Group,Soy,Central & West Africa,0
2018,SMBC Group,Soy,Central & West Africa,0.094494
2014,SMBC Group,Soy,Central & West Africa,0.028376000000000002
2015,SMBC Group,Soy,Central & West Africa,0.069375
2013,SMBC Group,Soy,Central & West Africa,0.031213
2017,SMBC Group,Soy,Central & West Africa,0.099907
2016,SMBC Group,Soy,Central & West Africa,0.056073
2021,SMBC Group,Soy,Central & West Africa,0.05119
2013,CITIC,Rubber,Central & West Africa,46.425741
2019,CITIC,Rubber,Central & West Africa,113.482742
2018,CITIC,Rubber,Central & West Africa,185.249491
2020,CITIC,Rubber,Central & West Africa,67.831606
2016,CITIC,Rubber,Central & West Africa,55.697937
2015,CITIC,Rubber,Central & West Africa,36.396646
2014,CITIC,Rubber,Central & West Africa,1.948083
2017,CITIC,Rubber,Central & West Africa,21.41675
2021,CITIC,Rubber,Central & West Africa,144.259132
2013,DBS,Rubber,Central & West Africa,0.645418
2019,DBS,Rubber,Central & West Africa,0.205955
2018,DBS,Rubber,Central & West Africa,17.612153
2020,DBS,Rubber,Central & West Africa,0.668046
2016,DBS,Rubber,Central & West Africa,21.263479
2015,DBS,Rubber,Central & West Africa,123.723186
2014,DBS,Rubber,Central & West Africa,171.363302
2017,DBS,Rubber,Central & West Africa,71.865382
2021,DBS,Rubber,Central & West Africa,0.182622
2013,Bank of Ningbo,Rubber,Central & West Africa,0
2019,Bank of Ningbo,Rubber,Central & West Africa,108.207729
2018,Bank of Ningbo,Rubber,Central & West Africa,2.228497
2020,Bank of Ningbo,Rubber,Central & West Africa,153.524626
2016,Bank of Ningbo,Rubber,Central & West Africa,2.026992
2015,Bank of Ningbo,Rubber,Central & West Africa,0
2014,Bank of Ningbo,Rubber,Central & West Africa,0
2017,Bank of Ningbo,Rubber,Central & West Africa,3.827473
2021,Bank of Ningbo,Rubber,Central & West Africa,98.353052
2013,Industrial and Commercial Bank of China,Rubber,Central & West Africa,0
2019,Industrial and Commercial Bank of China,Rubber,Central & West Africa,27.335362
2018,Industrial and Commercial Bank of China,Rubber,Central & West Africa,134.216063
2020,Industrial and Commercial Bank of China,Rubber,Central & West Africa,33.27773
2016,Industrial and Commercial Bank of China,Rubber,Central & West Africa,22.913928
2015,Industrial and Commercial Bank of China,Rubber,Central & West Africa,23.25696
2014,Industrial and Commercial Bank of China,Rubber,Central & West Africa,1.2976139999999998
2017,Industrial and Commercial Bank of China,Rubber,Central & West Africa,7.935747
2021,Industrial and Commercial Bank of China,Rubber,Central & West Africa,16.784017
2013,Credit Suisse,Rubber,Central & West Africa,3.4453679999999998
2019,Credit Suisse,Rubber,Central & West Africa,0
2018,Credit Suisse,Rubber,Central & West Africa,0
2020,Credit Suisse,Rubber,Central & West Africa,0.290188
2016,Credit Suisse,Rubber,Central & West Africa,1.102244
2015,Credit Suisse,Rubber,Central & West Africa,123.768228
2014,Credit Suisse,Rubber,Central & West Africa,69.354653
2017,Credit Suisse,Rubber,Central & West Africa,36.915548
2021,Credit Suisse,Rubber,Central & West Africa,1.084891
2013,Shanghai Pudong Development Bank,Rubber,Central & West Africa,0
2019,Shanghai Pudong Development Bank,Rubber,Central & West Africa,22.704883000000002
2018,Shanghai Pudong Development Bank,Rubber,Central & West Africa,29.251682000000002
2020,Shanghai Pudong Development Bank,Rubber,Central & West Africa,29.152235
2016,Shanghai Pudong Development Bank,Rubber,Central & West Africa,1.186204
2015,Shanghai Pudong Development Bank,Rubber,Central & West Africa,0.929225
2014,Shanghai Pudong Development Bank,Rubber,Central & West Africa,0
2017,Shanghai Pudong Development Bank,Rubber,Central & West Africa,9.640255
2021,Shanghai Pudong Development Bank,Rubber,Central & West Africa,88.615312
2013,Agricultural Bank of China,Rubber,Central & West Africa,0
2019,Agricultural Bank of China,Rubber,Central & West Africa,25.351582999999998
2018,Agricultural Bank of China,Rubber,Central & West Africa,36.046635
2020,Agricultural Bank of China,Rubber,Central & West Africa,41.70664
2016,Agricultural Bank of China,Rubber,Central & West Africa,44.458592
2015,Agricultural Bank of China,Rubber,Central & West Africa,17.122906
2014,Agricultural Bank of China,Rubber,Central & West Africa,1.2976139999999998
2017,Agricultural Bank of China,Rubber,Central & West Africa,2.95928
2021,Agricultural Bank of China,Rubber,Central & West Africa,0.675147
2013,Bank of China,Rubber,Central & West Africa,0
2019,Bank of China,Rubber,Central & West Africa,26.305695
2018,Bank of China,Rubber,Central & West Africa,30.153357999999997
2020,Bank of China,Rubber,Central & West Africa,17.528465
2016,Bank of China,Rubber,Central & West Africa,32.903589
2015,Bank of China,Rubber,Central & West Africa,16.794992
2014,Bank of China,Rubber,Central & West Africa,5.180617
2017,Bank of China,Rubber,Central & West Africa,3.827473
2021,Bank of China,Rubber,Central & West Africa,35.22245
2013,UBS,Rubber,Central & West Africa,55.098693999999995
2019,UBS,Rubber,Central & West Africa,17.958019
2018,UBS,Rubber,Central & West Africa,45.497591
2020,UBS,Rubber,Central & West Africa,0
2016,UBS,Rubber,Central & West Africa,14.488153
2015,UBS,Rubber,Central & West Africa,4.88635
2014,UBS,Rubber,Central & West Africa,2.849231
2017,UBS,Rubber,Central & West Africa,0
2021,UBS,Rubber,Central & West Africa,2.938955
2013,China Construction Bank,Rubber,Central & West Africa,0
2019,China Construction Bank,Rubber,Central & West Africa,17.850467000000002
2018,China Construction Bank,Rubber,Central & West Africa,28.659905
2020,China Construction Bank,Rubber,Central & West Africa,3.7922399999999996
2016,China Construction Bank,Rubber,Central & West Africa,22.928264
2015,China Construction Bank,Rubber,Central & West Africa,17.918995
2014,China Construction Bank,Rubber,Central & West Africa,5.7962880000000006
2017,China Construction Bank,Rubber,Central & West Africa,7.760895
2021,China Construction Bank,Rubber,Central & West Africa,23.672962
2018,Permodalan Nasional Berhad,Palm oil,Central & West Africa,0
2016,Permodalan Nasional Berhad,Palm oil,Central & West Africa,0
2014,Permodalan Nasional Berhad,Palm oil,Central & West Africa,0
2019,Permodalan Nasional Berhad,Palm oil,Central & West Africa,0
2015,Permodalan Nasional Berhad,Palm oil,Central & West Africa,0
2013,Permodalan Nasional Berhad,Palm oil,Central & West Africa,0
2017,Permodalan Nasional Berhad,Palm oil,Central & West Africa,0
2020,Permodalan Nasional Berhad,Palm oil,Central & West Africa,0
2021,Permodalan Nasional Berhad,Palm oil,Central & West Africa,105.79497400000001
2018,Employees Provident Fund,Palm oil,Central & West Africa,0
2016,Employees Provident Fund,Palm oil,Central & West Africa,0
2014,Employees Provident Fund,Palm oil,Central & West Africa,0
2019,Employees Provident Fund,Palm oil,Central & West Africa,0
2015,Employees Provident Fund,Palm oil,Central & West Africa,0
2013,Employees Provident Fund,Palm oil,Central & West Africa,0
2017,Employees Provident Fund,Palm oil,Central & West Africa,0
2020,Employees Provident Fund,Palm oil,Central & West Africa,0
2021,Employees Provident Fund,Palm oil,Central & West Africa,71.41523
2018,Mitsubishi UFJ Financial,Palm oil,Central & West Africa,7.854079
2016,Mitsubishi UFJ Financial,Palm oil,Central & West Africa,3.862498
2014,Mitsubishi UFJ Financial,Palm oil,Central & West Africa,15.103553
2019,Mitsubishi UFJ Financial,Palm oil,Central & West Africa,0.400345
2015,Mitsubishi UFJ Financial,Palm oil,Central & West Africa,3.327386
2013,Mitsubishi UFJ Financial,Palm oil,Central & West Africa,12.024234
2017,Mitsubishi UFJ Financial,Palm oil,Central & West Africa,7.302397999999999
2020,Mitsubishi UFJ Financial,Palm oil,Central & West Africa,0.197398
2021,Mitsubishi UFJ Financial,Palm oil,Central & West Africa,3.026455
2018,ING Group,Palm oil,Central & West Africa,1.766534
2016,ING Group,Palm oil,Central & West Africa,38.719764
2014,ING Group,Palm oil,Central & West Africa,0.957106
2019,ING Group,Palm oil,Central & West Africa,0.427375
2015,ING Group,Palm oil,Central & West Africa,0.75965
2013,ING Group,Palm oil,Central & West Africa,0.35037
2017,ING Group,Palm oil,Central & West Africa,5.296868000000001
2020,ING Group,Palm oil,Central & West Africa,0.163972
2021,ING Group,Palm oil,Central & West Africa,0.078211
2018,HSBC,Palm oil,Central & West Africa,3.272059
2016,HSBC,Palm oil,Central & West Africa,1.255069
2014,HSBC,Palm oil,Central & West Africa,5.145596
2019,HSBC,Palm oil,Central & West Africa,0.986936
2015,HSBC,Palm oil,Central & West Africa,0.964035
2013,HSBC,Palm oil,Central & West Africa,11.145362
2017,HSBC,Palm oil,Central & West Africa,5.412704
2020,HSBC,Palm oil,Central & West Africa,0.294258
2021,HSBC,Palm oil,Central & West Africa,3.368085
2018,SMBC Group,Palm oil,Central & West Africa,1.330575
2016,SMBC Group,Palm oil,Central & West Africa,0.609185
2014,SMBC Group,Palm oil,Central & West Africa,6.385673
2019,SMBC Group,Palm oil,Central & West Africa,0.63443
2015,SMBC Group,Palm oil,Central & West Africa,1.5294699999999999
2013,SMBC Group,Palm oil,Central & West Africa,5.911814
2017,SMBC Group,Palm oil,Central & West Africa,8.263553
2020,SMBC Group,Palm oil,Central & West Africa,0.228544
2021,SMBC Group,Palm oil,Central & West Africa,2.142102
2018,BNP Paribas,Palm oil,Central & West Africa,3.4485
2016,BNP Paribas,Palm oil,Central & West Africa,2.196317
2014,BNP Paribas,Palm oil,Central & West Africa,8.717864
2019,BNP Paribas,Palm oil,Central & West Africa,1.099065
2015,BNP Paribas,Palm oil,Central & West Africa,0.79663
2013,BNP Paribas,Palm oil,Central & West Africa,4.045729
2017,BNP Paribas,Palm oil,Central & West Africa,2.958253
2020,BNP Paribas,Palm oil,Central & West Africa,0.327053
2021,BNP Paribas,Palm oil,Central & West Africa,1.037418
2018,Mirabaud,Palm oil,Central & West Africa,0
2016,Mirabaud,Palm oil,Central & West Africa,0
2014,Mirabaud,Palm oil,Central & West Africa,0
2019,Mirabaud,Palm oil,Central & West Africa,0
2015,Mirabaud,Palm oil,Central & West Africa,0
2013,Mirabaud,Palm oil,Central & West Africa,21.166
2017,Mirabaud,Palm oil,Central & West Africa,0
2020,Mirabaud,Palm oil,Central & West Africa,0.132
2021,Mirabaud,Palm oil,Central & West Africa,0
2018,Commonwealth Bank of Australia,Palm oil,Central & West Africa,0.256599
2016,Commonwealth Bank of Australia,Palm oil,Central & West Africa,0.09795899999999999
2014,Commonwealth Bank of Australia,Palm oil,Central & West Africa,1.204025
2019,Commonwealth Bank of Australia,Palm oil,Central & West Africa,0.04325
2015,Commonwealth Bank of Australia,Palm oil,Central & West Africa,0.120243
2013,Commonwealth Bank of Australia,Palm oil,Central & West Africa,9.510648
2017,Commonwealth Bank of Australia,Palm oil,Central & West Africa,6.995197
2020,Commonwealth Bank of Australia,Palm oil,Central & West Africa,0.11533700000000001
2021,Commonwealth Bank of Australia,Palm oil,Central & West Africa,0
2018,Vanguard,Palm oil,Central & West Africa,0
2016,Vanguard,Palm oil,Central & West Africa,0
2014,Vanguard,Palm oil,Central & West Africa,0
2019,Vanguard,Palm oil,Central & West Africa,0
2015,Vanguard,Palm oil,Central & West Africa,0
2013,Vanguard,Palm oil,Central & West Africa,0
2017,Vanguard,Palm oil,Central & West Africa,0
2020,Vanguard,Palm oil,Central & West Africa,0
2021,Vanguard,Palm oil,Central & West Africa,17.728417
